Actual_Risk,Predicted_Risk,Difference,SoC,Temperature,Voltage,Temp_Voltage,Temp_SoC,Voltage_SoC,Temp_Squared,Voltage_Squared,SoC_Squared,High_Temp,Low_Voltage,High_Voltage,Low_SoC,High_SoC
0.07690373913933982,0.08050170257066488,0.0035979634313250686,-1.9312238440015925,0.8109646420111551,0.5026019127780716,1.2453247271316195,-2.006773962436073,-0.7732764997770932,0.8546874356518407,0.30890767934267915,-1.3056215435042615,0.38520001605539583,-0.6916145299991455,0.0,2.818110638852835,-0.26632730344097194
0.5295595239476256,0.5230604449425633,0.006499079005062303,,,,,,,,,,,,,,
0.10164017625551003,0.1043800561775337,0.0027398799220236664,,,,,,,,,,,,,,
0.4355832053450399,0.47912938493980783,0.04354617959476792,,,,,,,,,,,,,,
0.7032515510549793,0.7038509401334689,0.0005993890784896649,,,,,,,,,,,,,,
0.2681468634396612,0.26094264557898517,0.007204217860676043,-1.9312238440015925,0.8109646420111551,-1.423603125581221,-1.3143198679147359,-2.006773962436073,-1.0186310611801639,0.8546874356518407,-1.3676518553483283,-1.3056215435042615,0.38520001605539583,1.445892121441167,0.0,2.818110638852835,-0.26632730344097194
0.7028354105262193,0.7040358614065809,0.001200450880361581,,,,,,,,,,,,,,
0.30516791110311875,0.3042950840008916,0.0008728271022271361,,,,,,,,,,,,,,
0.08110085270288507,0.0827077161073894,0.0016068634045043328,,,,,,,,,,,,,,
0.15178697911217187,0.15078180140600472,0.0010051777061671485,,,,,,,,,,,,,,
0.492444628244951,0.4916784763991652,0.000766151845785823,,,,,,,,,,,,,,
0.7835418389666621,0.7834345902862814,0.00010724868038070046,,,,,,,,,,,,,,
0.7835418389666621,0.7834345902862814,0.00010724868038070046,,,,,,,,,,,,,,
0.1938650461913194,0.1828927846648308,0.010972261526488586,,,,,,,,,,,,,,
0.4882561326707001,0.48841424053562893,0.00015810786492881368,,,,,,,,,,,,,,
0.1014235856303154,0.09728297464181904,0.004140610988496357,,,,,,,,,,,,,,
0.5610124739360485,0.5611237523870972,0.00011127845104874634,,,,,,,,,,,,,,
0.702860992759011,0.700764659804378,0.0020963329546330733,,,,,,,,,,,,,,
0.28887224723736993,0.28793309695563873,0.0009391502817311936,-1.7188986488755833,0.8109646420111551,0.46520246320958214,1.1956263320805747,-1.6830545203402347,-0.6603201037540669,0.8546874356518407,0.2444351195855572,-1.2588740248121921,0.38520001605539583,-0.6916145299991455,0.0,2.818110638852835,-0.26632730344097194
0.30541725286405624,0.3045406609699314,0.0008765918941248674,,,,,,,,,,,,,,
0.7835418389666621,0.7834345902862814,0.00010724868038070046,,,,,,,,,,,,,,
0.4882598634536641,0.48841424053562893,0.00015437708196480715,,,,,,,,,,,,,,
0.7835418389666621,0.7834345902862814,0.00010724868038070046,,,,,,,,,,,,,,
0.7835418389666621,0.7834345902862814,0.00010724868038070046,,,,,,,,,,,,,,
0.7835418389666621,0.7834345902862814,0.00010724868038070046,,,,,,,,,,,,,,
0.3048177816947435,0.3046591086558571,0.00015867303888639217,,,,,,,,,,,,,,
0.7835418389666621,0.7834345902862814,0.00010724868038070046,,,,,,,,,,,,,,
0.5542133983218944,0.5588304948068998,0.004617096485005412,1.1541266503652625,-0.42220279034368274,0.7547859699668741,0.7279152634499962,1.11705648455749,1.2317333104886348,-0.6114453369507384,0.7766447575520741,1.1804157386489564,0.38520001605539583,-0.6916145299991455,0.0,-0.35484767212939117,-0.26632730344097194
0.7835418389666621,0.7834345902862814,0.00010724868038070046,,,,,,,,,,,,,,
0.08224162214509348,0.08440358747381184,0.00216196532871836,,,,,,,,,,,,,,
0.21494386731195653,0.20753393199249323,0.0074099353194632955,,,,,,,,,,,,,,
0.08224162214509348,0.08440358747381184,0.00216196532871836,0.017855097251312943,0.8109646420111551,-1.423603125581221,-1.3143198679147359,0.9648693561474018,-1.0186310611801639,0.8546874356518407,-1.3676518553483283,-0.18654213146601578,0.38520001605539583,1.445892121441167,0.0,-0.35484767212939117,-0.26632730344097194
0.7028548838120416,0.7040358614065809,0.0011809775945392786,,,,,,,,,,,,,,
0.6668363552961006,0.6640854465006035,0.002750908795497109,,,,,,,,,,,,,,
0.19925743717952465,0.1835315547675334,0.015725882411991243,,,,,,,,,,,,,,
0.7835418389666621,0.7834345902862814,0.00010724868038070046,,,,,,,,,,,,,,
0.7835418389666621,0.7834345902862814,0.00010724868038070046,,,,,,,,,,,,,,
0.305006589523126,0.3042584964924473,0.000748093030678687,,,,,,,,,,,,,,
0.4883434318148788,0.48850897684476996,0.0001655450298911343,,,,,,,,,,,,,,
0.7835418389666621,0.7834345902862814,0.00010724868038070046,,,,,,,,,,,,,,
0.7835418389666621,0.7834345902862814,0.00010724868038070046,,,,,,,,,,,,,,
0.4889082269987499,0.4888799399767139,2.8287022035999865e-05,,,,,,,,,,,,,,
0.7835418389666621,0.7834345902862814,0.00010724868038070046,,,,,,,,,,,,,,
0.7835418389666621,0.7834345902862814,0.00010724868038070046,,,,,,,,,,,,,,
0.7835418389666621,0.7834345902862814,0.00010724868038070046,,,,,,,,,,,,,,
0.3045935183446419,0.3045840921266994,9.426217942476445e-06,,,,,,,,,,,,,,
0.16228350587451001,0.16670122025119996,0.004417714376689946,0.11240616087997404,-0.9168173238799777,0.7881781292467449,0.41203709931972937,-0.44964588627294594,0.589903365121786,-1.057225285167534,0.8428877322372683,-0.09287087990155671,0.38520001605539583,-0.6916145299991455,0.0,-0.35484767212939117,-0.26632730344097194
0.6179331324742137,0.6085687645990042,0.009364367875209445,,,,,,,,,,,,,,
0.7029637990101051,0.7040358614065809,0.001072062396475837,,,,,,,,,,,,,,
0.7835418389666621,0.7834345902862814,0.00010724868038070046,,,,,,,,,,,,,,
0.4883542833212484,0.48850897684476996,0.00015469352352154297,,,,,,,,,,,,,,
0.6673958599396285,0.6831151309202448,0.015719270980616318,,,,,,,,,,,,,,
0.08523691247086565,0.08644953510300915,0.0012126226321435007,-1.135004361713832,0.8109646420111551,0.4648014619883283,1.1950934601442291,-0.7928260537149131,-0.33673426470861484,0.8546874356518407,0.24375068681209106,-1.0355598643516541,0.38520001605539583,-0.6916145299991455,0.0,-0.35484767212939117,-0.26632730344097194
0.17279259515856554,0.16822625440450575,0.004566340754059789,0.017855097251312943,0.8109646420111551,-1.423603125581221,-1.3143198679147359,0.9648693561474018,-1.0186310611801639,0.8546874356518407,-1.3676518553483283,-0.18654213146601578,0.38520001605539583,1.445892121441167,0.0,-0.35484767212939117,-0.26632730344097194
0.0790550552113673,0.08127957582525298,0.002224520613885686,0.017855097251312943,0.8109646420111551,-1.423603125581221,-1.3143198679147359,0.9648693561474018,-1.0186310611801639,0.8546874356518407,-1.3676518553483283,-0.18654213146601578,0.38520001605539583,1.445892121441167,0.0,-0.35484767212939117,-0.26632730344097194
0.12437136618511249,0.12261077977085671,0.001760586414255777,,,,,,,,,,,,,,
0.07726999370804553,0.08061917573903882,0.0033491820309932835,0.017855097251312943,0.8109646420111551,-1.423603125581221,-1.3143198679147359,0.9648693561474018,-1.0186310611801639,0.8546874356518407,-1.3676518553483283,-0.18654213146601578,0.38520001605539583,1.445892121441167,0.0,-0.35484767212939117,-0.26632730344097194
0.12548171342535672,0.12116026257556531,0.004321450849791408,,,,,,,,,,,,,,
0.7835418389666621,0.7834345902862814,0.00010724868038070046,,,,,,,,,,,,,,
0.7835418389666621,0.7834345902862814,0.00010724868038070046,,,,,,,,,,,,,,
0.7026258428539873,0.700800854759698,0.001824988094289326,,,,,,,,,,,,,,
0.7835418389666621,0.7834345902862814,0.00010724868038070046,,,,,,,,,,,,,,
0.5928448849873246,0.589390456232587,0.0034544287547375596,,,,,,,,,,,,,,
0.30455130203254727,0.3045840921266994,3.2790094152135296e-05,,,,,,,,,,,,,,
0.8530808917591239,0.812139932660749,0.04094095909837492,,,,,,,,,,,,,,
0.7835418389666621,0.7834345902862814,0.00010724868038070046,,,,,,,,,,,,,,
0.3048177816947435,0.3046591086558571,0.00015867303888639217,,,,,,,,,,,,,,
0.10202779517217851,0.10468543183184699,0.0026576366596684775,-0.10655419709406365,-0.9798139721522915,0.7751811259944057,0.3579333768188555,-0.697538909873368,0.43912898375490694,-1.1081539044470554,0.8169846493574542,-0.30424152342171734,0.38520001605539583,-0.6916145299991455,0.0,-0.35484767212939117,-0.26632730344097194
0.12017600920387599,0.12032806267034053,0.00015205346646454676,,,,,,,,,,,,,,
0.7835418389666621,0.7834345902862814,0.00010724868038070046,,,,,,,,,,,,,,
0.0967344413650125,0.09840978253021214,0.0016753411651996425,0.6233136617427734,-1.355540898488642,0.8611954386977152,0.1509108871063565,-0.4695127207283935,0.9856571524149204,-1.384460907351469,0.9912495288429917,0.47633148787490914,0.38520001605539583,-0.6916145299991455,0.0,-0.35484767212939117,-0.26632730344097194
0.7027440864279378,0.7030503777927122,0.00030629136477433594,,,,,,,,,,,,,,
0.4888930919471325,0.4888799399767139,1.315197041856786e-05,,,,,,,,,,,,,,
0.13614409051953733,0.13045425045810932,0.005689840061428003,-0.7368946203623177,0.8109646420111551,0.5184538183762768,1.266389589738454,-0.18585209903776592,-0.0904121936856205,0.8546874356518407,0.33661607035666374,-0.8036169388220824,0.38520001605539583,-0.6916145299991455,0.0,-0.35484767212939117,-0.26632730344097194
0.7835418389666621,0.7834345902862814,0.00010724868038070046,,,,,,,,,,,,,,
0.17442358241572398,0.17993373483169786,0.005510152415973885,,,,,,,,,,,,,,
0.7835418389666621,0.7834345902862814,0.00010724868038070046,,,,,,,,,,,,,,
0.2736632680035991,0.26655500496270146,0.007108263040897622,0.017855097251312943,0.8109646420111551,-1.423603125581221,-1.3143198679147359,0.9648693561474018,-1.0186310611801639,0.8546874356518407,-1.3676518553483283,-0.18654213146601578,0.38520001605539583,1.445892121441167,0.0,-0.35484767212939117,-0.26632730344097194
0.4888968710383672,0.4888799399767139,1.693106165329139e-05,,,,,,,,,,,,,,
0.6653552004829417,0.6673374466183079,0.001982246135366128,0.017855097251312943,0.8109646420111551,-1.423603125581221,-1.3143198679147359,0.9648693561474018,-1.0186310611801639,0.8546874356518407,-1.3676518553483283,-0.18654213146601578,0.38520001605539583,1.445892121441167,0.0,-0.35484767212939117,-0.26632730344097194
0.7835418389666621,0.7834345902862814,0.00010724868038070046,,,,,,,,,,,,,,
0.3317434166957545,0.331164736024065,0.0005786806716895354,-1.4136811806598921,0.8109646420111551,0.49532823712758317,1.2356590766976698,-1.2177078219889161,-0.4826832942308961,0.8546874356518407,0.29626964205894846,-1.1594781181421272,0.38520001605539583,-0.6916145299991455,0.0,-0.35484767212939117,-0.26632730344097194
0.44702712018923507,0.4445076953368531,0.0025194248523819907,,,,,,,,,,,,,,
0.3053286909155296,0.30450103545793156,0.0008276554575980533,,,,,,,,,,,,,,
0.5024900442899268,0.5011217184246397,0.0013683258652871233,,,,,,,,,,,,,,
0.7835418389666621,0.7834345902862814,0.00010724868038070046,,,,,,,,,,,,,,
0.7029058987145899,0.700764659804378,0.0021412389102118956,,,,,,,,,,,,,,
0.10635842634252726,0.10547516524034566,0.0008832611021816067,,,,,,,,,,,,,,
0.219909700425353,0.2368434548346374,0.016933754409284407,,,,,,,,,,,,,,
0.11408389184000892,0.11848363201878018,0.004399740178771261,,,,,,,,,,,,,,
0.70283265467816,0.7030503777927122,0.00021772311455214854,1.3365936147284145,-0.9634950361247703,0.8157504689730838,0.4003852937807016,0.5837311873036108,1.4146535480107019,-1.0950879414091161,0.8983449813838443,1.448972139334213,0.38520001605539583,-0.6916145299991455,0.0,-0.35484767212939117,-0.26632730344097194
0.4882540024800971,0.48841424053562893,0.00016023805553183612,,,,,,,,,,,,,,
0.3041582244734462,0.304511262398272,0.000353037924825772,,,,,,,,,,,,,,
0.7033825489958414,0.6845166411274133,0.018865907868428122,,,,,,,,,,,,,,
0.7835418389666621,0.7834345902862814,0.00010724868038070046,,,,,,,,,,,,,,
0.48836004064717053,0.48850897684476996,0.00014893619759942522,,,,,,,,,,,,,,
0.7835418389666621,0.7834345902862814,0.00010724868038070046,,,,,,,,,,,,,,
0.48245798672320367,0.48254543595429955,8.744923109588187e-05,0.017855097251312943,0.8109646420111551,-1.423603125581221,-1.3143198679147359,0.9648693561474018,-1.0186310611801639,0.8546874356518407,-1.3676518553483283,-0.18654213146601578,0.38520001605539583,1.445892121441167,0.0,-0.35484767212939117,-0.26632730344097194
0.7030376120525957,0.7039369973090637,0.0008993852564679328,,,,,,,,,,,,,,
0.1493167511726454,0.14737715898141185,0.0019395921912335468,,,,,,,,,,,,,,
0.10861471026150768,0.10785644179166494,0.0007582684698427405,0.3794714454533516,-1.0753408177044006,0.8194913292805258,0.3236306948198929,-0.3689047237530131,0.7885200286261322,-1.1828599188558189,0.9059220410412001,0.19139346723202563,0.38520001605539583,-0.6916145299991455,0.0,-0.35484767212939117,-0.26632730344097194
0.1704214864666177,0.16141537241463472,0.009006114051982983,,,,,,,,,,,,,,
0.34768916564529684,0.34795561672598707,0.00026645108069023316,,,,,,,,,,,,,,
0.7835418389666621,0.7834345902862814,0.00010724868038070046,,,,,,,,,,,,,,
0.7835418389666621,0.7834345902862814,0.00010724868038070046,,,,,,,,,,,,,,
0.488898131433559,0.4888799399767139,1.8191456845062515e-05,,,,,,,,,,,,,,
0.7027173056687448,0.699063406125928,0.0036538995428168075,-1.1084637124442007,-0.13207932857723614,0.6583976731951766,0.8292476173641073,-1.1838834568649084,-0.25060715238955644,-0.3120628560044993,0.5910833736267754,-1.022107031177113,0.38520001605539583,-0.6916145299991455,0.0,-0.35484767212939117,-0.26632730344097194
0.7835418389666621,0.7834345902862814,0.00010724868038070046,,,,,,,,,,,,,,
0.09261719821267268,0.09227155692016953,0.00034564129250315434,,,,,,,,,,,,,,
0.36452661567251954,0.3639276557305598,0.0005989599419597424,-0.6887896933015683,-0.4178799673942269,0.7012369612351098,0.6806282145089517,-0.8625894917020972,0.026954138705545416,-0.6071902409584762,0.6725185950345149,-0.7712154372883893,0.38520001605539583,-0.6916145299991455,0.0,-0.35484767212939117,-0.26632730344097194
0.3053093010718057,0.3041380285366293,0.0011712725351764042,,,,,,,,,,,,,,
0.7835418389666621,0.7834345902862814,0.00010724868038070046,,,,,,,,,,,,,,
0.7835418389666621,0.7834345902862814,0.00010724868038070046,,,,,,,,,,,,,,
0.17368443981456955,0.17066755403278278,0.003016885781786771,,,,,,,,,,,,,,
0.7835418389666621,0.7834345902862814,0.00010724868038070046,,,,,,,,,,,,,,
0.11085698957673944,0.11810294377729555,0.007245954200556112,0.15885229698647615,-0.274541338583203,0.7426364463984056,0.8180385001153981,0.18222172914831497,0.5863165728107618,-0.4625735994719084,0.752792699251924,-0.045522147671097725,0.38520001605539583,-0.6916145299991455,0.0,-0.35484767212939117,-0.26632730344097194
0.7032505842415786,0.7039605211984016,0.0007099369568229763,,,,,,,,,,,,,,
1.0,0.9895810370400389,0.010418962959961142,,,,,,,,,,,,,,
0.09471116337318873,0.09824489580270218,0.0035337324295134503,,,,,,,,,,,,,,
0.4883523661286234,0.48850897684476996,0.00015661071614653244,,,,,,,,,,,,,,
0.3048177816947435,0.3046591086558571,0.00015867303888639217,-0.0020503900469673437,-0.8500692135801181,0.7747566755116684,0.4481292664424569,-0.4947115451752642,0.5062837975859542,-1.0018220656182055,0.8161412919258574,-0.2057980247515633,0.38520001605539583,-0.6916145299991455,0.0,-0.35484767212939117,-0.26632730344097194
0.08708273023757267,0.08720306171071215,0.00012033147313948722,,,,,,,,,,,,,,
0.7835418389666621,0.7834345902862814,0.00010724868038070046,,,,,,,,,,,,,,
0.3048610915533396,0.3040701340405386,0.0007909575128010049,,,,,,,,,,,,,,
0.30482324728941135,0.3046591086558571,0.00016413863355424496,-0.07337838539167228,0.8109646420111551,0.6525424931355224,1.4445738145584552,0.8257711578195024,0.37803962449309503,0.8546874356518407,0.5800818209211959,-0.2734719362304523,0.38520001605539583,-0.6916145299991455,0.0,-0.35484767212939117,-0.26632730344097194
0.15691307826002282,0.15782207314376323,0.0009089948837404105,,,,,,,,,,,,,,
0.3051019017312818,0.3040701340405386,0.0010317676907432016,,,,,,,,,,,,,,
0.1316927521960159,0.12794666801814977,0.0037460841778661214,0.017855097251312943,0.8109646420111551,-1.423603125581221,-1.3143198679147359,0.9648693561474018,-1.0186310611801639,0.8546874356518407,-1.3676518553483283,-0.18654213146601578,0.38520001605539583,1.445892121441167,0.0,-0.35484767212939117,-0.26632730344097194
0.10635842634252726,0.10547516524034566,0.0008832611021816067,0.017855097251312943,0.8109646420111551,-1.423603125581221,-1.3143198679147359,0.9648693561474018,-1.0186310611801639,0.8546874356518407,-1.3676518553483283,-0.18654213146601578,0.38520001605539583,1.445892121441167,0.0,-0.35484767212939117,-0.26632730344097194
0.4883440692960582,0.48850897684476996,0.00016490754871173463,,,,,,,,,,,,,,
0.12339196271761484,0.13202974792409425,0.008637785206479412,,,,,,,,,,,,,,
0.3048177816947435,0.3046591086558571,0.00015867303888639217,,,,,,,,,,,,,,
0.09701778103883144,0.09451742794972116,0.0025003530891102715,,,,,,,,,,,,,,
0.19952730678408886,0.19866036249252902,0.0008669442915598402,,,,,,,,,,,,,,
0.7031076756755288,0.7027250397697039,0.0003826359058248796,,,,,,,,,,,,,,
0.7835418389666621,0.7834345902862814,0.00010724868038070046,,,,,,,,,,,,,,
0.5099216690896421,0.5023983703317237,0.007523298757918351,,,,,,,,,,,,,,
0.7835418389666621,0.7834345902862814,0.00010724868038070046,,,,,,,,,,,,,,
0.09937807737416678,0.10015727609330394,0.0007791987191371613,,,,,,,,,,,,,,
0.7835418389666621,0.7834345902862814,0.00010724868038070046,,,,,,,,,,,,,,
0.7835418389666621,0.7834345902862814,0.00010724868038070046,,,,,,,,,,,,,,
0.19293739342007743,0.18714763816962018,0.005789755250457246,0.017855097251312943,0.8109646420111551,0.2759273495826681,0.944107406564429,0.9648693561474018,0.17019605076426966,0.8546874356518407,-0.06246748653495306,-0.18654213146601578,0.38520001605539583,-0.6916145299991455,0.0,-0.35484767212939117,-0.26632730344097194
0.4886824097868515,0.4885764192603686,0.00010599052648291307,,,,,,,,,,,,,,
0.4882577311223337,0.48841424053562893,0.00015650941329520274,,,,,,,,,,,,,,
0.6011970090881449,0.6023024447228484,0.0011054356347035554,,,,,,,,,,,,,,
0.7835418389666621,0.7834345902862814,0.00010724868038070046,,,,,,,,,,,,,,
0.7030488456098966,0.7039369973090637,0.0008881516991671168,,,,,,,,,,,,,,
0.38741556030969815,0.39739914195720716,0.00998358164750901,,,,,,,,,,,,,,
0.7035610692018169,0.7032188006332941,0.00034226856852281884,,,,,,,,,,,,,,
0.30489926096779785,0.3042584964924473,0.0006407644753505526,,,,,,,,,,,,,,
0.28860652829784983,0.2892155544690589,0.0006090261712090594,1.8674066028894947,-1.7399009927604474,0.8974463444440774,-0.10896277858506101,-0.14648880169543058,1.8650742189652971,-1.6184787284297542,1.0666966056391862,2.3073978594620104,-2.5960538897178793,-0.6916145299991455,0.0,-0.35484767212939117,3.7547783763809157
0.2871743295846317,0.2730761574868794,0.01409817209775227,,,,,,,,,,,,,,
0.7835418389666621,0.7834345902862814,0.00010724868038070046,,,,,,,,,,,,,,
0.7835418389666621,0.7834345902862814,0.00010724868038070046,,,,,,,,,,,,,,
0.7031561222060112,0.7037843975079004,0.0006282753018892473,,,,,,,,,,,,,,
0.7835418389666621,0.7834345902862814,0.00010724868038070046,,,,,,,,,,,,,,
0.15301750067813735,0.1558094349583099,0.0027919342801725477,,,,,,,,,,,,,,
0.4992318699530092,0.4966837405824683,0.0025481293705409414,,,,,,,,,,,,,,
0.1090352228880287,0.10426719139948985,0.00476803148853884,1.651763826823951,-1.725047488859785,0.9468025403981194,-0.07215752794415259,-0.2532498138805024,1.7763506263096922,-1.6103489102550783,1.171328285554372,1.9448098156758018,-2.5960538897178793,-0.6916145299991455,0.0,-0.35484767212939117,-0.26632730344097194
0.7835418389666621,0.7834345902862814,0.00010724868038070046,,,,,,,,,,,,,,
0.21036105617303144,0.22089659260504504,0.010535536432013604,0.017855097251312943,0.8109646420111551,-1.423603125581221,-1.3143198679147359,0.9648693561474018,-1.0186310611801639,0.8546874356518407,-1.3676518553483283,-0.18654213146601578,0.38520001605539583,1.445892121441167,0.0,-0.35484767212939117,-0.26632730344097194
0.488251873508759,0.48841424053562893,0.0001623670268699473,,,,,,,,,,,,,,
0.30507797231928235,0.30452341443946135,0.0005545578798210049,0.9899063818847346,-1.4369595137244584,0.8931844625326848,0.11156214025518767,-0.29924479575583074,1.2630246001433607,-1.4381390205988116,1.0577649730566259,0.9503191900087696,0.38520001605539583,-0.6916145299991455,0.0,-0.35484767212939117,-0.26632730344097194
0.6596000311504231,0.6677309385227833,0.008130907372360219,,,,,,,,,,,,,,
0.7835418389666621,0.7834345902862814,0.00010724868038070046,,,,,,,,,,,,,,
0.7835418389666621,0.7834345902862814,0.00010724868038070046,,,,,,,,,,,,,,
0.3048177816947435,0.3046591086558571,0.00015867303888639217,,,,,,,,,,,,,,
0.25653211028625855,0.26076617025715393,0.004234059970895376,-0.6705429969575349,-0.667560067560174,0.717360018711599,0.5261199759277454,-0.9969964221927179,0.04635508338586145,-0.8427595525783359,0.7035972469169204,-0.7586784457714033,0.38520001605539583,-0.6916145299991455,0.0,-0.35484767212939117,-0.26632730344097194
0.7835418389666621,0.7834345902862814,0.00010724868038070046,,,,,,,,,,,,,,
0.3048177816947435,0.3046591086558571,0.00015867303888639217,,,,,,,,,,,,,,
0.7835418389666621,0.7834345902862814,0.00010724868038070046,,,,,,,,,,,,,,
0.2921332114040509,0.28691472367656223,0.005218487727488674,0.017855097251312943,0.8109646420111551,-1.423603125581221,-1.3143198679147359,0.9648693561474018,-1.0186310611801639,0.8546874356518407,-1.3676518553483283,-0.18654213146601578,0.38520001605539583,1.445892121441167,0.0,-0.35484767212939117,-0.26632730344097194
0.3048177816947435,0.3046591086558571,0.00015867303888639217,,,,,,,,,,,,,,
0.7835418389666621,0.7834345902862814,0.00010724868038070046,,,,,,,,,,,,,,
0.7028709290381384,0.7040358614065809,0.0011649323684425061,,,,,,,,,,,,,,
0.22995527415120245,0.2410627667307126,0.011107492579510159,,,,,,,,,,,,,,
0.7835418389666621,0.7834345902862814,0.00010724868038070046,,,,,,,,,,,,,,
0.4958497237413186,0.4821754198193451,0.013674303921973496,,,,,,,,,,,,,,
0.1042946334568627,0.10227034754801091,0.002024285908851786,,,,,,,,,,,,,,
0.5709502328514178,0.5736378000019776,0.002687567150559844,,,,,,,,,,,,,,
0.7835418389666621,0.7834345902862814,0.00010724868038070046,,,,,,,,,,,,,,
0.3973172453055242,0.40174337267070853,0.004426127365184329,,,,,,,,,,,,,,
0.4815254810436091,0.4812962535134753,0.00022922753013376873,,,,,,,,,,,,,,
0.13667613112013915,0.13844455999909863,0.001768428878959477,,,,,,,,,,,,,,
0.7835418389666621,0.7834345902862814,0.00010724868038070046,,,,,,,,,,,,,,
0.26561511295454426,0.26675432256148407,0.001139209606939806,,,,,,,,,,,,,,
0.08839422766143744,0.08595031875347087,0.0024439089079665716,0.017855097251312943,0.8109646420111551,-1.423603125581221,-1.3143198679147359,0.9648693561474018,-1.0186310611801639,0.8546874356518407,-1.3676518553483283,-0.18654213146601578,0.38520001605539583,1.445892121441167,0.0,-0.35484767212939117,-0.26632730344097194
0.1861404298597145,0.18171053522490432,0.004429894634810166,-0.7368946203623177,0.17158771053576047,0.6628526665608446,1.0349086420433193,-0.5649251244679804,-0.0213958161038881,0.0313150116050051,0.5994748098020725,-0.8036169388220824,0.38520001605539583,-0.6916145299991455,0.0,-0.35484767212939117,-0.26632730344097194
0.0795114744580826,0.0828934832262573,0.0033820087681746963,1.004835497243092,-1.2108317831283897,0.865586830654082,0.2588572514505081,-0.011228127235966117,1.2458772458770788,-1.2836084562466517,1.0003258786028137,0.9707827827209008,0.38520001605539583,-0.6916145299991455,0.0,-0.35484767212939117,-0.26632730344097194
0.7835418389666621,0.7834345902862814,0.00010724868038070046,,,,,,,,,,,,,,
0.7835418389666621,0.7834345902862814,0.00010724868038070046,,,,,,,,,,,,,,
0.7835418389666621,0.7834345902862814,0.00010724868038070046,,,,,,,,,,,,,,
0.2927184174017921,0.2863811036844626,0.006337313717329485,,,,,,,,,,,,,,
0.22995527415120245,0.2410627667307126,0.011107492579510159,0.017855097251312943,0.8109646420111551,0.2374849645782141,0.8930231029530357,0.9648693561474018,0.14330547703878588,0.8546874356518407,-0.12084471830140106,-0.18654213146601578,0.38520001605539583,-0.6916145299991455,0.0,-0.35484767212939117,-0.26632730344097194
0.3047422543705801,0.30462694971030124,0.00011530466027886987,,,,,,,,,,,,,,
0.2000155874848366,0.19580532511026316,0.004210262374573448,-0.04020257322787169,-0.8279147737045953,0.7702710466786331,0.45995798301456947,-0.5110501319004646,0.4786029584980595,-0.9831052156204864,0.8072385711511953,-0.24225368153953517,0.38520001605539583,-0.6916145299991455,0.0,-0.35484767212939117,-0.26632730344097194
0.27039893636782963,0.2665938195134832,0.003805116854346424,,,,,,,,,,,,,,
0.7835418389666621,0.7834345902862814,0.00010724868038070046,,,,,,,,,,,,,,
0.7835418389666621,0.7834345902862814,0.00010724868038070046,,,,,,,,,,,,,,
0.575628157272843,0.5748795063762293,0.0007486508966136896,,,,,,,,,,,,,,
0.08287186615741797,0.08309845435948414,0.00022658820206616914,0.017855097251312943,0.8109646420111551,-1.423603125581221,-1.3143198679147359,0.9648693561474018,-1.0186310611801639,0.8546874356518407,-1.3676518553483283,-0.18654213146601578,0.38520001605539583,1.445892121441167,0.0,-0.35484767212939117,-0.26632730344097194
0.11408389184000892,0.11848363201878018,0.004399740178771261,-0.07337838539167228,-0.06822397449572457,0.7157655751184367,0.9316662895356473,0.09210962383832408,0.4205712390712829,-0.242406496108784,0.7005133450431839,-0.2734719362304523,0.38520001605539583,-0.6916145299991455,0.0,-0.35484767212939117,-0.26632730344097194
0.7835418389666621,0.7834345902862814,0.00010724868038070046,,,,,,,,,,,,,,
0.30493679099924714,0.30468046990372366,0.0002563210955234818,-0.2691156746203449,0.8109646420111551,0.6389302615623855,1.4264851509536827,0.52734229718027,0.25037730960509386,0.8546874356518407,0.5546249498160882,-0.448527018430369,0.38520001605539583,-0.6916145299991455,0.0,-0.35484767212939117,-0.26632730344097194
0.09145679129577777,0.09197096910719058,0.0005141778114128026,0.5702323632035109,-1.1895175666021018,0.8419423974236214,0.2579330203057928,-0.3311190624947718,0.9334676962955286,-1.268164759681882,0.9516620785550229,0.4122402954548022,0.38520001605539583,-0.6916145299991455,0.0,-0.35484767212939117,-0.26632730344097194
0.7835418389666621,0.7834345902862814,0.00010724868038070046,,,,,,,,,,,,,,
0.21248204241081986,0.21293745533377204,0.0004554129229521753,,,,,,,,,,,,,,
0.4883510885254523,0.48850897684476996,0.00015788831931767833,,,,,,,,,,,,,,
0.39248772071118015,0.38628193996708715,0.0062057807440930035,,,,,,,,,,,,,,
0.488353644150324,0.48850897684476996,0.0001553326944459532,,,,,,,,,,,,,,
0.11003346151136267,0.10930306017850412,0.0007304013328585518,,,,,,,,,,,,,,
0.14525860405231011,0.1417734098476933,0.0034851942046168205,,,,,,,,,,,,,,
0.3048177816947435,0.3046591086558571,0.00015867303888639217,-1.698993161577303,-0.03368132457036795,0.5952551386714621,0.8272816191391732,-1.8575859260086953,-0.6238526304199505,-0.20415991470671768,0.474076653644049,-1.2535492440325244,0.38520001605539583,-0.6916145299991455,0.0,2.818110638852835,-0.26632730344097194
0.11073275022801726,0.10853323447295143,0.0021995157550658284,,,,,,,,,,,,,,
0.48834088297206024,0.48850897684476996,0.0001680938727097181,,,,,,,,,,,,,,
0.2605327228495697,0.26350023779685267,0.0029675149472829787,,,,,,,,,,,,,,
0.7835418389666621,0.7834345902862814,0.00010724868038070046,,,,,,,,,,,,,,
0.17797808361872378,0.16290554645073982,0.015072537167983957,,,,,,,,,,,,,,
1.0,0.9895810370400389,0.010418962959961142,,,,,,,,,,,,,,
0.7835418389666621,0.7834345902862814,0.00010724868038070046,,,,,,,,,,,,,,
0.7030675445486579,0.7023261470217006,0.0007413975269573436,,,,,,,,,,,,,,
0.7835418389666621,0.7834345902862814,0.00010724868038070046,,,,,,,,,,,,,,
0.7035495178930262,0.7038440457182916,0.00029452782526540044,,,,,,,,,,,,,,
0.10292006538262384,0.10070662059722796,0.002213444785395882,0.017855097251312943,0.8109646420111551,-1.423603125581221,-1.3143198679147359,0.9648693561474018,-1.0186310611801639,0.8546874356518407,-1.3676518553483283,-0.18654213146601578,0.38520001605539583,1.445892121441167,0.0,-0.35484767212939117,-0.26632730344097194
0.2454819056485817,0.24487015643248033,0.0006117492161013538,,,,,,,,,,,,,,
0.6622062531146196,0.6634451546296104,0.0012389015149908422,,,,,,,,,,,,,,
0.0967344413650125,0.09840978253021214,0.0016753411651996425,,,,,,,,,,,,,,
0.12259079973106257,0.12329571460117798,0.0007049148701154112,1.943710970174122,-2.006178157734642,0.9413257492332918,-0.28602440020370257,-0.51879477525493,1.9725606020466064,-1.7517582971846666,1.159609278966832,2.4402387555056935,-2.5960538897178793,-0.6916145299991455,0.0,-0.35484767212939117,3.7547783763809157
0.3166174864202447,0.31758513404749505,0.0009676476272503787,,,,,,,,,,,,,,
0.7835418389666621,0.7834345902862814,0.00010724868038070046,,,,,,,,,,,,,,
0.6452812871149549,0.6443267757306694,0.0009545113842854835,,,,,,,,,,,,,,
,,,0.4906104149332079,-1.2866272627546265,0.8455173667726613,0.19048297292003363,-0.495494489924548,0.8835142635525173,-1.3373023765800218,0.9589874825272429,0.31825710817179276,0.38520001605539583,-0.6916145299991455,0.0,-0.35484767212939117,-0.26632730344097194
,,,-0.4383123145793862,0.8109646420111551,0.553049473930333,1.312362152880773,0.26937836661835346,0.09936644167328686,0.8546874356518407,0.3978762956821049,-0.5872607072676289,0.38520001605539583,-0.6916145299991455,0.0,-0.35484767212939117,-0.26632730344097194
,,,0.30814345010864636,-0.6721392205394315,0.7809348597233117,0.5775672217912321,-0.036189745324622366,0.7112997239997698,-0.8468860760451663,0.8284330331207904,0.11262626258103565,0.38520001605539583,-0.6916145299991455,0.0,-0.35484767212939117,-0.26632730344097194
,,,-1.815108502997082,0.8109646420111551,0.43594269464601904,1.1567443818392724,-1.8297398926619215,-0.7183864039096369,0.8546874356518407,0.19487582263299252,-1.2823334795838464,0.38520001605539583,-0.6916145299991455,0.0,2.818110638852835,-0.26632730344097194
,,,-0.969125302740466,-0.4926272269072521,0.6887480780945981,0.6187943137131039,-1.2025619023806615,-0.15301414378636308,-0.6798900330718936,0.6486066103615021,-0.9467686522980663,0.38520001605539583,-0.6916145299991455,0.0,-0.35484767212939117,-0.26632730344097194
,,,-1.9312238440015925,0.8109646420111551,0.5103411555450852,1.2556090481274833,-2.006773962436073,-0.7722906968761155,0.8546874356518407,0.32240714335062154,-1.3056215435042615,0.38520001605539583,-0.6916145299991455,0.0,2.818110638852835,-0.26632730344097194
,,,1.801054979484712,-1.8586947765620279,0.9561402424129074,-0.1681988778456982,-0.36623162308999346,1.8916469755363012,-1.6808553441026903,1.1913712149717819,2.193813305747225,-2.5960538897178793,-0.6916145299991455,0.0,-0.35484767212939117,3.7547783763809157
,,,0.4176236290956652,-1.0981984285057227,0.8239776373378821,0.3106026198219347,-0.36010124912679947,0.8173052271996419,-1.2002850281102557,0.9150256729386674,0.23437610859561167,0.38520001605539583,-0.6916145299991455,0.0,-0.35484767212939117,-0.26632730344097194
,,,1.2951238501004254,-1.6180635615019117,0.9302798596272364,-0.0008963334058738018,-0.32509010851544745,1.5104477656322597,-1.5496229718917645,1.1360562204193179,1.3867448218395644,-2.5960538897178793,-0.6916145299991455,0.0,-0.35484767212939117,-0.26632730344097194
,,,0.017855097251312943,0.8109646420111551,-1.423603125581221,-1.3143198679147359,0.9648693561474018,-1.0186310611801639,0.8546874356518407,-1.3676518553483283,-0.18654213146601578,0.38520001605539583,1.445892121441167,0.0,-0.35484767212939117,-0.26632730344097194
,,,0.017855097251312943,0.8109646420111551,-1.423603125581221,-1.3143198679147359,0.9648693561474018,-1.0186310611801639,0.8546874356518407,-1.3676518553483283,-0.18654213146601578,0.38520001605539583,1.445892121441167,0.0,-0.35484767212939117,-0.26632730344097194
,,,0.4939279959188834,-0.06328459778557716,0.7336198446968526,0.9537919018898503,0.7805796980176419,0.7918142217450785,-0.23696182466988414,0.7351774603673085,0.3221214773721055,0.38520001605539583,-0.6916145299991455,0.0,-0.35484767212939117,-0.26632730344097194
,,,0.017855097251312943,0.8109646420111551,0.2834409931123141,0.954091939190377,0.9648693561474018,0.1754518689258521,0.8546874356518407,-0.05090150642988847,-0.18654213146601578,0.38520001605539583,-0.6916145299991455,0.0,-0.35484767212939117,-0.26632730344097194
,,,0.9136020150615163,-0.9566908277763098,0.8332032786496216,0.4186224432697216,0.22024334705422774,1.1534047374790222,-1.0896138719438135,0.9338035386454795,0.8471464042805089,0.38520001605539583,-0.6916145299991455,0.0,-0.35484767212939117,-0.26632730344097194
,,,-0.6539550911063391,0.8109646420111551,0.5757203204651804,1.3424883900374753,-0.05939919210647804,-0.014366182667054712,0.8546874356518407,0.438607330796259,-0.7471634055947656,0.38520001605539583,-0.6916145299991455,0.0,-0.35484767212939117,-0.26632730344097194
,,,-1.3373768133752646,0.8109646420111551,0.5047293281762606,1.248151750847657,-1.101371147049345,-0.4368665809013824,0.8546874356518407,0.3126131085759238,-1.1286955194568664,0.38520001605539583,-0.6916145299991455,0.0,-0.35484767212939117,-0.26632730344097194
,,,-1.0354769261452488,-0.4528629177528558,0.6822583799947588,0.6394302594312486,-1.2529775568604493,-0.19668863739550113,-0.6414465348102264,0.636236689515424,-0.9836311382139941,0.38520001605539583,-0.6916145299991455,0.0,-0.35484767212939117,-0.26632730344097194
,,,1.7844670736335164,-1.7707884452152463,0.9361412790000346,-0.11199902264612185,-0.24257585889454508,1.855699519189623,-1.6351492486772676,1.1485407446037785,2.1656975842324955,-2.5960538897178793,-0.6916145299991455,0.0,-0.35484767212939117,-0.26632730344097194
,,,0.017855097251312943,0.8109646420111551,-1.423603125581221,-1.3143198679147359,0.9648693561474018,-1.0186310611801639,0.8546874356518407,-1.3676518553483283,-0.18654213146601578,0.38520001605539583,1.445892121441167,0.0,-0.35484767212939117,-0.26632730344097194
,,,0.017855097251312943,0.8109646420111551,0.2831496215868019,0.9537047490753188,0.9648693561474018,0.17524805359318257,0.8546874356518407,-0.05135097438487172,-0.18654213146601578,0.38520001605539583,-0.6916145299991455,0.0,-0.35484767212939117,-0.26632730344097194
,,,0.017855097251312943,0.8109646420111551,-1.423603125581221,-1.3143198679147359,0.9648693561474018,-1.0186310611801639,0.8546874356518407,-1.3676518553483283,-0.18654213146601578,0.38520001605539583,1.445892121441167,0.0,-0.35484767212939117,-0.26632730344097194
,,,0.017855097251312943,0.8109646420111551,-1.423603125581221,-1.3143198679147359,0.9648693561474018,-1.0186310611801639,0.8546874356518407,-1.3676518553483283,-0.18654213146601578,0.38520001605539583,1.445892121441167,0.0,-0.35484767212939117,-0.26632730344097194
,,,1.943710970174122,-2.006178157734642,0.9752984002591517,-0.27125274112843323,-0.51879477525493,2.0155296365949438,-1.7517582971846666,1.2327399705330695,2.4402387555056935,-2.5960538897178793,-0.6916145299991455,0.0,-0.35484767212939117,3.7547783763809157
,,,0.017855097251312943,0.8109646420111551,-1.423603125581221,-1.3143198679147359,0.9648693561474018,-1.0186310611801639,0.8546874356518407,-1.3676518553483283,-0.18654213146601578,0.38520001605539583,1.445892121441167,0.0,-0.35484767212939117,-0.26632730344097194
,,,-1.6044420979486422,0.23326001978744682,0.5954343219430123,0.998516516125495,-1.6685684008806592,-0.5677808196293539,0.10480338236584812,0.47440359247896846,-1.2260507761444186,0.38520001605539583,-0.6916145299991455,0.0,2.818110638852835,-0.26632730344097194
,,,0.017855097251312943,0.8109646420111551,-1.423603125581221,-1.3143198679147359,0.9648693561474018,-1.0186310611801639,0.8546874356518407,-1.3676518553483283,-0.18654213146601578,0.38520001605539583,1.445892121441167,0.0,-0.35484767212939117,-0.26632730344097194
,,,0.3794714454533516,-1.0753408177044006,0.8194913292805258,0.3236306948198929,-0.3689047237530131,0.7885200286261322,-1.1828599188558189,0.9059220410412001,0.19139346723202563,0.38520001605539583,-0.6916145299991455,0.0,-0.35484767212939117,-0.26632730344097194
,,,-1.9312238440015925,0.8109646420111551,0.5060514480563938,1.2499086546755425,-2.006773962436073,-0.7728371077090618,0.8546874356518407,0.3149179738747965,-1.3056215435042615,0.38520001605539583,-0.6916145299991455,0.0,2.818110638852835,-0.26632730344097194
,,,-1.135004361713832,0.5272234701261908,0.6190068874596677,1.2160778053127308,-0.9199195853446536,-0.28105118369959564,0.4724934843201526,0.5176672296246689,-1.0355598643516541,0.38520001605539583,-0.6916145299991455,0.0,-0.35484767212939117,-0.26632730344097194
,,,0.9550717796895054,-0.1177781629850669,0.7331228749224923,0.9159710116992571,1.270982762100222,1.0833371735437936,-0.2965804708505831,0.7342086942738506,0.9029241327460994,0.38520001605539583,-0.6916145299991455,0.0,-0.35484767212939117,-0.26632730344097194
,,,0.017855097251312943,0.8109646420111551,-1.423603125581221,-1.3143198679147359,0.9648693561474018,-1.0186310611801639,0.8546874356518407,-1.3676518553483283,-0.18654213146601578,0.38520001605539583,1.445892121441167,0.0,-0.35484767212939117,-0.26632730344097194
,,,0.017855097251312943,0.8109646420111551,-1.423603125581221,-1.3143198679147359,0.9648693561474018,-1.0186310611801639,0.8546874356518407,-1.3676518553483283,-0.18654213146601578,0.38520001605539583,1.445892121441167,0.0,-0.35484767212939117,-0.26632730344097194
,,,1.8508186970382992,-1.9063964145764198,0.9589535430545177,-0.20291229604765265,-0.4119605917706907,1.9298906028610645,-1.7045804341193045,1.1974252767677893,2.2788334708849334,-2.5960538897178793,-0.6916145299991455,0.0,-0.35484767212939117,3.7547783763809157
,,,0.017855097251312943,0.8109646420111551,0.27670449090703275,0.9451401136495439,0.9648693561474018,0.1707396636560175,0.8546874356518407,-0.06127357488671391,-0.18654213146601578,0.38520001605539583,-0.6916145299991455,0.0,-0.35484767212939117,-0.26632730344097194
,,,0.017855097251312943,0.8109646420111551,-1.423603125581221,-1.3143198679147359,0.9648693561474018,-1.0186310611801639,0.8546874356518407,-1.3676518553483283,-0.18654213146601578,0.38520001605539583,1.445892121441167,0.0,-0.35484767212939117,-0.26632730344097194
,,,0.017855097251312943,0.8109646420111551,0.23673577386874298,0.89202753814453,0.9648693561474018,0.14278141569334282,0.8546874356518407,-0.12196914472905175,-0.18654213146601578,0.38520001605539583,-0.6916145299991455,0.0,-0.35484767212939117,-0.26632730344097194
,,,0.017855097251312943,0.8109646420111551,-1.423603125581221,-1.3143198679147359,0.9648693561474018,-1.0186310611801639,0.8546874356518407,-1.3676518553483283,-0.18654213146601578,0.38520001605539583,1.445892121441167,0.0,-0.35484767212939117,-0.26632730344097194
,,,0.017855097251312943,0.8109646420111551,-1.423603125581221,-1.3143198679147359,0.9648693561474018,-1.0186310611801639,0.8546874356518407,-1.3676518553483283,-0.18654213146601578,0.38520001605539583,1.445892121441167,0.0,-0.35484767212939117,-0.26632730344097194
,,,1.943710970174122,-2.006178157734642,0.9470694881229046,-0.2835269632909888,-0.51879477525493,1.9798253549384703,-1.7517582971846666,1.171900181872435,2.4402387555056935,-2.5960538897178793,-0.6916145299991455,0.0,-0.35484767212939117,3.7547783763809157
,,,-0.42172440872819067,-0.5927048820377386,0.7272705116645323,0.5857353021729824,-0.6986199981975427,0.2083790506703007,-0.7743135505472901,0.7228172036328931,-0.574175332369652,0.38520001605539583,-0.6916145299991455,0.0,-0.35484767212939117,-0.26632730344097194
,,,-0.9442434439636727,0.7880464670274823,0.617047731822555,1.3825642657813224,-0.5138417670439648,-0.1674917328251308,0.8228219153598288,0.5140523818292928,-0.9324825321715466,0.38520001605539583,-0.6916145299991455,0.0,-0.35484767212939117,-0.26632730344097194
,,,-1.9312238440015925,0.8109646420111551,0.4839375403316646,1.2205225076892539,-2.006773962436073,-0.7756539148623285,0.8546874356518407,0.276574333662028,-1.3056215435042615,0.38520001605539583,-0.6916145299991455,0.0,2.818110638852835,-0.26632730344097194
,,,0.017855097251312943,0.8109646420111551,0.27587878410121497,0.9440428701471568,0.9648693561474018,0.17016207905155264,0.8546874356518407,-0.0625420789032764,-0.18654213146601578,0.38520001605539583,-0.6916145299991455,0.0,-0.35484767212939117,-0.26632730344097194
,,,0.3031670781687241,-1.029688840115187,0.8105294733105853,0.34945475348476435,-0.3884783228929063,0.7312595140939272,-1.1475372168554696,0.8877910714272452,0.10720827109194316,0.38520001605539583,-0.6916145299991455,0.0,-0.35484767212939117,-0.26632730344097194
,,,1.3714282173850532,-1.6648836648961127,0.9404628421722189,-0.030341465003719974,-0.3399419176512164,1.5743393029867412,-1.5766678432516361,1.1577653388455258,1.5017848520697588,-2.5960538897178793,-0.6916145299991455,0.0,-0.35484767212939117,-0.26632730344097194
,,,1.1541266503652625,-1.324981235434223,0.8832087847798034,0.18740023491453597,-0.03979086701902468,1.364399291765833,-1.3637436514353778,1.036923108447337,1.1804157386489564,0.38520001605539583,-0.6916145299991455,0.0,-0.35484767212939117,-0.26632730344097194
,,,0.8754498314192021,-0.515584510675714,0.7818978527815019,0.6879715738923677,0.7071184509515885,1.0793269098880613,-0.7018450440669508,0.8303520532663067,0.7964500543943942,0.38520001605539583,-0.6916145299991455,0.0,-0.35484767212939117,-0.26632730344097194
,,,-1.5331141026039374,0.8109646420111551,0.5672475380512436,1.3312293022046922,-1.3998000076885775,-0.5323917198787474,0.8546874356518407,0.4233305498677376,-1.2028947324470325,0.38520001605539583,-0.6916145299991455,0.0,2.818110638852835,-0.26632730344097194
,,,0.017855097251312943,0.8109646420111551,-1.423603125581221,-1.3143198679147359,0.9648693561474018,-1.0186310611801639,0.8546874356518407,-1.3676518553483283,-0.18654213146601578,0.38520001605539583,1.445892121441167,0.0,-0.35484767212939117,-0.26632730344097194
,,,-0.8281281030053028,0.6680435057585954,0.6293379993413049,1.320622791736703,-0.40493742930443494,-0.0923928942818034,0.6588246960150095,0.5367865904168805,-0.8624770103049051,0.38520001605539583,-0.6916145299991455,0.0,-0.35484767212939117,-0.26632730344097194
,,,1.3240203158101735,0.8109646420111551,-1.423603125581221,-1.3143198679147359,2.9563008279796743,-1.0186310611801639,0.8546874356518407,-1.3676518553483283,1.4300312640203368,0.38520001605539583,1.445892121441167,0.0,-0.35484767212939117,-0.26632730344097194
,,,0.017855097251312943,0.8109646420111551,-1.423603125581221,-1.3143198679147359,0.9648693561474018,-1.0186310611801639,0.8546874356518407,-1.3676518553483283,-0.18654213146601578,0.38520001605539583,1.445892121441167,0.0,-0.35484767212939117,-0.26632730344097194
,,,1.943710970174122,-2.006178157734642,0.9752984002591517,-0.27125274112843323,-0.51879477525493,2.0155296365949438,-1.7517582971846666,1.2327399705330695,2.4402387555056935,-2.5960538897178793,-0.6916145299991455,0.0,-0.35484767212939117,3.7547783763809157
,,,1.0214234030942881,-1.5591583034548566,0.9096446628343113,0.031207493335728722,-0.4276741588503743,1.3008210066552104,-1.5145604789521099,1.0923513701615812,0.9936266662436763,-2.5960538897178793,-0.6916145299991455,0.0,-0.35484767212939117,-0.26632730344097194
,,,1.14251511599258,-1.5262853306568285,0.9117674480715177,0.056795422123117514,-0.3055696078052761,1.3859416480736693,-1.4944910354159515,1.0968296206645303,1.1637851083872983,-2.5960538897178793,-0.6916145299991455,0.0,-0.35484767212939117,-0.26632730344097194
,,,0.017855097251312943,0.8109646420111551,-1.423603125581221,-1.3143198679147359,0.9648693561474018,-1.0186310611801639,0.8546874356518407,-1.3676518553483283,-0.18654213146601578,0.38520001605539583,1.445892121441167,0.0,-0.35484767212939117,-0.26632730344097194
,,,-1.9312238440015925,0.4491925340363844,0.5322601020131325,1.0601808406217226,-2.0639355377214788,-0.7694987233374802,0.37208705944294296,0.3609338367860915,-1.3056215435042615,0.38520001605539583,-0.6916145299991455,0.0,2.818110638852835,-0.26632730344097194
,,,0.017855097251312943,0.8109646420111551,0.23773473062949282,0.8933550054818163,0.9648693561474018,0.1434801892064949,0.8546874356518407,-0.12046974299523087,-0.18654213146601578,0.38520001605539583,-0.6916145299991455,0.0,-0.35484767212939117,-0.26632730344097194
,,,-0.3387848794722121,-0.8553628304608247,0.7491728721155544,0.4239682467247174,-0.8083561032664341,0.2737716526222656,-1.0062701092324238,0.7656084924077643,-0.5070659563959606,0.38520001605539583,-0.6916145299991455,0.0,-0.35484767212939117,-0.26632730344097194
,,,0.017855097251312943,0.8109646420111551,-1.423603125581221,-1.3143198679147359,0.9648693561474018,-1.0186310611801639,0.8546874356518407,-1.3676518553483283,-0.18654213146601578,0.38520001605539583,1.445892121441167,0.0,-0.35484767212939117,-0.26632730344097194
,,,-0.18949372635004189,-0.2894035351859236,0.7217350671861744,0.7873452427380828,-0.22297044427066987,0.35146511629048405,-0.47788620039819424,0.712071072483388,-0.3792025730021058,0.38520001605539583,-0.6916145299991455,0.0,-0.35484767212939117,-0.26632730344097194
,,,1.6185880146601503,-1.882820868654956,0.9752984002591517,-0.1773394748211099,-0.5020541717025849,1.7865892696573125,-1.6929494940996885,1.2327399705330695,1.8907095404431928,-2.5960538897178793,-0.6916145299991455,0.0,-0.35484767212939117,-0.26632730344097194
,,,-1.8333551993411152,0.3862910951375701,0.5541393738638742,1.047262939560196,-1.9397932821969535,-0.7098951513005446,0.29262439752465236,0.3998238098963844,-1.2863570136186675,0.38520001605539583,-0.6916145299991455,0.0,2.818110638852835,-0.26632730344097194
,,,0.017855097251312943,0.8109646420111551,-1.423603125581221,-1.3143198679147359,0.9648693561474018,-1.0186310611801639,0.8546874356518407,-1.3676518553483283,-0.18654213146601578,0.38520001605539583,1.445892121441167,0.0,-0.35484767212939117,-0.26632730344097194
,,,-1.0321593451595732,-0.18538562392847946,0.6676603589364253,0.8034059089963793,-1.1196211589326668,-0.2003498776675658,-0.36917204606879717,0.6085507134375159,-0.9818306373894109,0.38520001605539583,-0.6916145299991455,0.0,-0.35484767212939117,-0.26632730344097194
,,,0.11240616087997404,0.3907568158919997,0.690905863176724,1.2135698241628239,0.7299465971718905,0.5191613835824759,0.29822244563808514,0.6527279653199497,-0.09287087990155671,0.38520001605539583,-0.6916145299991455,0.0,-0.35484767212939117,-0.26632730344097194
,,,-0.19281130733571744,0.7503313283916448,0.6508748730179533,1.402439693065497,0.595718733162269,0.30419085577931754,0.7707633544580069,0.5769541256794263,-0.3821426881037764,0.38520001605539583,-0.6916145299991455,0.0,-0.35484767212939117,-0.26632730344097194
,,,0.017855097251312943,0.8109646420111551,-1.423603125581221,-1.3143198679147359,0.9648693561474018,-1.0186310611801639,0.8546874356518407,-1.3676518553483283,-0.18654213146601578,0.38520001605539583,1.445892121441167,0.0,-0.35484767212939117,-0.26632730344097194
,,,-0.0020503900469673437,-0.8500692135801181,0.7747566755116684,0.4481292664424569,-0.4947115451752642,0.5062837975859542,-1.0018220656182055,0.8161412919258574,-0.2057980247515633,0.38520001605539583,-0.6916145299991455,0.0,-0.35484767212939117,-0.26632730344097194
,,,1.1043629323502664,-1.503787993833226,0.9071362880448132,0.07071724289714769,-0.3028481699530176,1.355071157212022,-1.4805486863420605,1.0870649250405449,1.109528585341357,-2.5960538897178793,-0.6916145299991455,0.0,-0.35484767212939117,-0.26632730344097194
,,,-1.9312238440015925,0.48784132581963346,0.5109578246257055,1.058047352325417,-2.057828859587624,-0.7722121473090686,0.42156504926935057,0.3234851198996924,-1.3056215435042615,0.38520001605539583,-0.6916145299991455,0.0,2.818110638852835,-0.26632730344097194
,,,0.017855097251312943,0.8109646420111551,0.2836075017187345,0.9543132047597038,0.9648693561474018,0.17556834223926263,0.8546874356518407,-0.050644616808510054,-0.18654213146601578,0.38520001605539583,-0.6916145299991455,0.0,-0.35484767212939117,-0.26632730344097194
,,,1.943710970174122,-2.006178157734642,0.8781721441699716,-0.31348423907996403,-0.51879477525493,1.8926831313201617,-1.7517582971846666,1.0264343829133773,2.4402387555056935,-2.5960538897178793,-0.6916145299991455,0.0,-0.35484767212939117,3.7547783763809157
,,,-1.4335866674967632,0.8109646420111551,0.41741516736459006,1.1321240095938139,-1.248056519371032,-0.5152010692190901,0.8546874356518407,0.1638945434641792,-1.1671180208227367,0.38520001605539583,-0.6916145299991455,0.0,-0.35484767212939117,-0.26632730344097194
,,,0.017855097251312943,0.8109646420111551,-1.423603125581221,-1.3143198679147359,0.9648693561474018,-1.0186310611801639,0.8546874356518407,-1.3676518553483283,-0.18654213146601578,0.38520001605539583,1.445892121441167,0.0,-0.35484767212939117,-0.26632730344097194
,,,0.017855097251312943,0.8109646420111551,0.2754417242996283,0.9434620816347375,0.9648693561474018,0.16985635429447402,0.8546874356518407,-0.06321326895209506,-0.18654213146601578,0.38520001605539583,-0.6916145299991455,0.0,-0.35484767212939117,-0.26632730344097194
,,,-1.4136811806598921,0.09281754723045098,0.6193871820782374,0.9348976215463751,-1.4665098518035995,-0.44803426206200825,-0.06070530051411151,0.5183693151342339,-1.1594781181421272,0.38520001605539583,-0.6916145299991455,0.0,-0.35484767212939117,-0.26632730344097194
,,,-1.9312238440015925,0.8109646420111551,0.4704130361403153,1.2025504209359368,-2.006773962436073,-0.7773766280356307,0.8546874356518407,0.253341788471131,-1.3056215435042615,0.38520001605539583,-0.6916145299991455,0.0,2.818110638852835,-0.26632730344097194
,,,-0.34542004144356314,-0.6417188040201434,0.7347014048113245,0.5587273001737203,-0.6573282432054317,0.2609601368801253,-0.8193417126670294,0.7372865668298265,-0.5125378995942802,0.38520001605539583,-0.6916145299991455,0.0,-0.35484767212939117,-0.26632730344097194
,,,1.0662107491693618,-1.4814458694758488,0.9025015232910691,0.0844561863764347,-0.3009457150814279,1.3243007651749683,-1.4665357420075797,1.077312034680865,1.0558654251365214,0.38520001605539583,-0.6916145299991455,0.0,-0.35484767212939117,-0.26632730344097194
,,,-1.070311528801887,-0.15887170185180718,0.6632572404643281,0.8165067739399571,-1.1514476886965581,-0.2254436367231556,-0.340884874764133,0.6002377545775809,-1.0022655153811102,0.38520001605539583,-0.6916145299991455,0.0,-0.35484767212939117,-0.26632730344097194
,,,0.017855097251312943,0.8109646420111551,-1.423603125581221,-1.3143198679147359,0.9648693561474018,-1.0186310611801639,0.8546874356518407,-1.3676518553483283,-0.18654213146601578,0.38520001605539583,1.445892121441167,0.0,-0.35484767212939117,-0.26632730344097194
,,,0.017855097251312943,0.8109646420111551,-1.423603125581221,-1.3143198679147359,0.9648693561474018,-1.0186310611801639,0.8546874356518407,-1.3676518553483283,-0.18654213146601578,0.38520001605539583,1.445892121441167,0.0,-0.35484767212939117,-0.26632730344097194
,,,0.017855097251312943,0.8109646420111551,0.2374017127883223,0.8929124735082046,0.9648693561474018,0.1432472421401552,0.8546874356518407,-0.12096969219686585,-0.18654213146601578,0.38520001605539583,-0.6916145299991455,0.0,-0.35484767212939117,-0.26632730344097194
,,,-1.909659566348897,0.43021892384557114,0.5393830231658064,1.0570083834867914,-2.0370452722784798,-0.7561659086897281,0.3479791569159167,0.3735471929521475,-1.301712195207467,0.38520001605539583,-0.6916145299991455,0.0,2.818110638852835,-0.26632730344097194
,,,0.8555443441209221,-1.0970092199671808,0.847093558646971,0.32817159699530213,0.004541096628849348,1.1280759332419328,-1.1993827453019648,0.9622208971557481,0.7702353348615618,0.38520001605539583,-0.6916145299991455,0.0,-0.35484767212939117,-0.26632730344097194
,,,1.6766456856007446,-1.8621240893961666,0.9752984002591517,-0.16158278823423974,-0.44002383999115413,1.827471478259506,-1.682586238030048,1.2327399705330695,1.9856794592979448,-2.5960538897178793,-0.6916145299991455,0.0,-0.35484767212939117,-0.26632730344097194
,,,0.017855097251312943,0.8109646420111551,-1.423603125581221,-1.3143198679147359,0.9648693561474018,-1.0186310611801639,0.8546874356518407,-1.3676518553483283,-0.18654213146601578,0.38520001605539583,1.445892121441167,0.0,-0.35484767212939117,-0.26632730344097194
,,,0.017855097251312943,0.8109646420111551,-1.423603125581221,-1.3143198679147359,0.9648693561474018,-1.0186310611801639,0.8546874356518407,-1.3676518553483283,-0.18654213146601578,0.38520001605539583,1.445892121441167,0.0,-0.35484767212939117,-0.26632730344097194
,,,0.017855097251312943,0.8109646420111551,-1.423603125581221,-1.3143198679147359,0.9648693561474018,-1.0186310611801639,0.8546874356518407,-1.3676518553483283,-0.18654213146601578,0.38520001605539583,1.445892121441167,0.0,-0.35484767212939117,-0.26632730344097194
,,,1.0877750264990702,-1.592823434319401,0.9177981419577312,0.010894098255686742,-0.4260994375040864,1.3545288892980096,-1.5347406193758237,1.1095742561492716,1.0861238679906458,-2.5960538897178793,-0.6916145299991455,0.0,-0.35484767212939117,-0.26632730344097194
,,,-1.9312238440015925,0.8109646420111551,0.4360857376543859,1.1569344650629867,-2.006773962436073,-0.7817491424338598,0.8546874356518407,0.19511622247023452,-1.3056215435042615,0.38520001605539583,-0.6916145299991455,0.0,2.818110638852835,-0.26632730344097194
,,,-1.9312238440015925,0.8109646420111551,-1.423603125581221,-1.3143198679147359,-2.006773962436073,-1.0186310611801639,0.8546874356518407,-1.3676518553483283,-1.3056215435042615,0.38520001605539583,1.445892121441167,0.0,2.818110638852835,-0.26632730344097194
,,,0.4076708852158204,-0.7498480576826655,0.7925462158291116,0.5328781916383339,-0.016650692981991184,0.7851560021206122,-0.9158491444332068,0.8516276227899431,0.22310604021738167,0.38520001605539583,-0.6916145299991455,0.0,-0.35484767212939117,-0.26632730344097194
,,,0.017855097251312943,0.8109646420111551,0.27602448243056343,0.9442364819038479,0.9648693561474018,0.17026399550825988,0.8546874356518407,-0.06231829250821379,-0.18654213146601578,0.38520001605539583,-0.6916145299991455,0.0,-0.35484767212939117,-0.26632730344097194
,,,1.943710970174122,-2.006178157734642,0.9752984002591517,-0.27125274112843323,-0.51879477525493,2.0155296365949438,-1.7517582971846666,1.2327399705330695,2.4402387555056935,-2.5960538897178793,-0.6916145299991455,0.0,-0.35484767212939117,3.7547783763809157
,,,0.26501489498781944,-1.006949388928204,0.8060629639196101,0.36221901092252273,-0.39929928198765574,0.7027909356543456,-1.1296839094627693,0.8787818595122528,0.06600571681015864,0.38520001605539583,-0.6916145299991455,0.0,-0.35484767212939117,-0.26632730344097194
,,,0.017855097251312943,0.8109646420111551,-1.423603125581221,-1.3143198679147359,0.9648693561474018,-1.0186310611801639,0.8546874356518407,-1.3676518553483283,-0.18654213146601578,0.38520001605539583,1.445892121441167,0.0,-0.35484767212939117,-0.26632730344097194
,,,1.9005824150532953,-1.955551274737325,0.9618301076924226,-0.23878248171392003,-0.46167542851831017,1.9682956371282252,-1.7282356777905732,1.203622874942861,2.364863137715273,-2.5960538897178793,-0.6916145299991455,0.0,-0.35484767212939117,3.7547783763809157
,,,1.8674066028894947,-2.004270599539588,0.9752984002591517,-0.26980049601097544,-0.5539211313689406,1.9617987340277283,-1.750887466268343,1.2327399705330695,2.3073978594620104,-2.5960538897178793,-0.6916145299991455,0.0,-0.35484767212939117,3.7547783763809157
,,,1.2536540854724363,-0.8536430279306401,0.8072473043086177,0.4716471752038007,0.6556149160284392,1.3511021800628575,-1.0048260417621893,0.8811689871611202,1.3252185466298352,0.38520001605539583,-0.6916145299991455,0.0,-0.35484767212939117,-0.26632730344097194
,,,1.752950052423963,-1.9169989484983945,0.9752984002591517,-0.2033596244057556,-0.480238579437653,1.8812023805018132,-1.7097508395624332,1.2327399705330695,2.112586732638788,-2.5960538897178793,-0.6916145299991455,0.0,-0.35484767212939117,-0.26632730344097194
,,,-0.3056090673084118,-0.8737181868731075,0.7525836551644555,0.41402020629563313,-0.791668907554728,0.29699283771727486,-1.0216212134327627,0.7723112534601918,-0.4794370382599916,0.38520001605539583,-0.6916145299991455,0.0,-0.35484767212939117,-0.26632730344097194
,,,0.017855097251312943,0.8109646420111551,0.27665591411564633,0.9450755622030256,0.9648693561474018,0.17070568403196504,0.8546874356518407,-0.06134821874301808,-0.18654213146601578,0.38520001605539583,-0.6916145299991455,0.0,-0.35484767212939117,-0.26632730344097194
,,,0.33302530888543996,-0.43190893333192953,0.762232544964366,0.7281633296534499,0.22432453657994259,0.7125885339431517,-0.620976741186379,0.7913298818950733,0.13986764415626582,0.38520001605539583,-0.6916145299991455,0.0,-0.35484767212939117,-0.26632730344097194
,,,1.943710970174122,-2.006178157734642,0.9752984002591517,-0.27125274112843323,-0.51879477525493,2.0155296365949438,-1.7517582971846666,1.2327399705330695,2.4402387555056935,-2.5960538897178793,-0.6916145299991455,0.0,-0.35484767212939117,3.7547783763809157
,,,0.7974866736417369,-0.8529997721656037,0.8186397189577221,0.4812254148098232,0.23735246955576922,1.0629633714927345,-1.0042856658000796,0.9041960045399464,0.6946983089377612,0.38520001605539583,-0.6916145299991455,0.0,-0.35484767212939117,-0.26632730344097194
,,,-0.28902116145721596,-0.20885984711179703,0.708736315292498,0.8291162616844461,-0.2739495603374093,0.28086742125741326,-0.39402086529885166,0.6869450549612979,-0.4654543292341976,0.38520001605539583,-0.6916145299991455,0.0,-0.35484767212939117,-0.26632730344097194
,,,-1.566289914767738,0.8109646420111551,0.4584359915663328,1.186634681542722,-1.450381171164575,-0.5772954152020465,0.8546874356518407,0.23290550302440333,-1.2139229690140283,0.38520001605539583,-0.6916145299991455,0.0,2.818110638852835,-0.26632730344097194
,,,0.017855097251312943,0.8109646420111551,-1.423603125581221,-1.3143198679147359,0.9648693561474018,-1.0186310611801639,0.8546874356518407,-1.3676518553483283,-0.18654213146601578,0.38520001605539583,1.445892121441167,0.0,-0.35484767212939117,-0.26632730344097194
,,,0.017855097251312943,0.8109646420111551,-1.423603125581221,-1.3143198679147359,0.9648693561474018,-1.0186310611801639,0.8546874356518407,-1.3676518553483283,-0.18654213146601578,0.38520001605539583,1.445892121441167,0.0,-0.35484767212939117,-0.26632730344097194
,,,0.017855097251312943,0.8109646420111551,0.25202653399001196,0.9123467205363976,0.9648693561474018,0.15347735228291784,0.8546874356518407,-0.09891946077711129,-0.18654213146601578,0.38520001605539583,-0.6916145299991455,0.0,-0.35484767212939117,-0.26632730344097194
,,,0.017855097251312943,0.8109646420111551,0.2833161163699709,0.9539259962755677,0.9648693561474018,0.17536451723718383,0.8546874356518407,-0.05109414993319147,-0.18654213146601578,0.38520001605539583,-0.6916145299991455,0.0,-0.35484767212939117,-0.26632730344097194
,,,1.943710970174122,-2.006178157734642,-1.423603125581221,-1.3143198679147359,-0.51879477525493,-1.0186310611801639,-1.7517582971846666,-1.3676518553483283,2.4402387555056935,-2.5960538897178793,1.445892121441167,0.0,-0.35484767212939117,3.7547783763809157
,,,0.017855097251312943,0.8109646420111551,-1.423603125581221,-1.3143198679147359,0.9648693561474018,-1.0186310611801639,0.8546874356518407,-1.3676518553483283,-0.18654213146601578,0.38520001605539583,1.445892121441167,0.0,-0.35484767212939117,-0.26632730344097194
,,,-1.9312238440015925,0.8109646420111551,0.4684403399998542,1.1999289964701898,-2.006773962436073,-0.7776279045024063,0.8546874356518407,0.2499668831386883,-1.3056215435042615,0.38520001605539583,-0.6916145299991455,0.0,2.818110638852835,-0.26632730344097194
,,,-1.400410855794372,-0.22158003379806587,0.6372548105727408,0.748943381914458,-1.5601896066591232,-0.4350162096273303,-0.4074092672196426,0.5515031846381757,-1.154295116156608,0.38520001605539583,-0.6916145299991455,0.0,-0.35484767212939117,-0.26632730344097194
,,,-1.9312238440015925,0.5044070659149231,0.39447942397284264,0.9247671356004221,-2.055211400201613,-0.787048837243935,0.44292470510610027,0.12597167755895639,-1.3056215435042615,0.38520001605539583,-0.6916145299991455,0.0,2.818110638852835,-0.26632730344097194
,,,1.9005824150532953,-1.8974512012481661,0.9403658192820074,-0.204872117421926,-0.371432855918634,1.9414190701302563,-1.7001891222666514,1.157558053388562,2.364863137715273,-2.5960538897178793,-0.6916145299991455,0.0,-0.35484767212939117,3.7547783763809157
,,,-0.9177027946940413,-0.26400600142549707,0.6789102055943567,0.7623386753600864,-1.0280758782835602,-0.12530943258218846,-0.4516744385451638,0.6298696662394719,-0.9169658305123868,0.38520001605539583,-0.6916145299991455,0.0,-0.35484767212939117,-0.26632730344097194
,,,-0.24755139682922686,0.0916628247680876,0.6916915108275079,1.0137254509721383,0.005597703720300231,0.29622917147278116,-0.06203889703461625,0.6542295919867773,-0.43000682707026955,0.38520001605539583,-0.6916145299991455,0.0,-0.35484767212939117,-0.26632730344097194
,,,0.017855097251312943,0.8109646420111551,-1.423603125581221,-1.3143198679147359,0.9648693561474018,-1.0186310611801639,0.8546874356518407,-1.3676518553483283,-0.18654213146601578,0.38520001605539583,1.445892121441167,0.0,-0.35484767212939117,-0.26632730344097194
,,,0.017855097251312943,0.8109646420111551,-1.423603125581221,-1.3143198679147359,0.9648693561474018,-1.0186310611801639,0.8546874356518407,-1.3676518553483283,-0.18654213146601578,0.38520001605539583,1.445892121441167,0.0,-0.35484767212939117,-0.26632730344097194
,,,-1.871507382983429,0.8109646420111551,0.45057303886508365,1.176185968149261,-1.9157278695158937,-0.7470514143361802,0.8546874356518407,0.2195595347146284,-1.2943312855366185,0.38520001605539583,-0.6916145299991455,0.0,2.818110638852835,-0.26632730344097194
,,,0.017855097251312943,0.8109646420111551,-1.423603125581221,-1.3143198679147359,0.9648693561474018,-1.0186310611801639,0.8546874356518407,-1.3676518553483283,-0.18654213146601578,0.38520001605539583,1.445892121441167,0.0,-0.35484767212939117,-0.26632730344097194
,,,-0.15631791464765052,0.8109646420111551,0.6391965639926493,1.426839027910029,0.6993182508882145,0.31884102274744647,0.8546874356518407,0.5551213684779984,-0.34955465346671166,0.38520001605539583,-0.6916145299991455,0.0,-0.35484767212939117,-0.26632730344097194
,,,0.017855097251312943,0.8109646420111551,-1.423603125581221,-1.3143198679147359,0.9648693561474018,-1.0186310611801639,0.8546874356518407,-1.3676518553483283,-0.18654213146601578,0.38520001605539583,1.445892121441167,0.0,-0.35484767212939117,-0.26632730344097194
,,,-0.6506375096592546,-0.4431647012024675,0.7049508812816897,0.6670349089277151,-0.8372769599337493,0.05261948596783486,-0.6319905918149078,0.6796566867616852,-0.7448469373540759,0.38520001605539583,-0.6916145299991455,0.0,-0.35484767212939117,-0.26632730344097194
,,,0.017855097251312943,0.8109646420111551,0.2837740184934401,0.954534481183486,0.9648693561474018,0.17568482126641535,0.8546874356518407,-0.05038768952692858,-0.18654213146601578,0.38520001605539583,-0.6916145299991455,0.0,-0.35484767212939117,-0.26632730344097194
,,,1.684939638526342,-1.9238191730247771,0.9752984002591517,-0.20855193664770288,-0.5264333754207905,1.8333117937276895,-1.7130569905005497,1.2327399705330695,1.9993587572214526,-2.5960538897178793,-0.6916145299991455,0.0,-0.35484767212939117,-0.26632730344097194
,,,-1.1084637124442007,0.8109646420111551,0.5411925603250606,1.2966060499637548,-0.7523611236375974,-0.29384264440745295,0.8546874356518407,0.3767588474146485,-1.022107031177113,0.38520001605539583,-0.6916145299991455,0.0,-0.35484767212939117,-0.26632730344097194
,,,0.017855097251312943,0.8109646420111551,-1.423603125581221,-1.3143198679147359,0.9648693561474018,-1.0186310611801639,0.8546874356518407,-1.3676518553483283,-0.18654213146601578,0.38520001605539583,1.445892121441167,0.0,-0.35484767212939117,-0.26632730344097194
,,,0.017855097251312943,0.8109646420111551,-1.423603125581221,-1.3143198679147359,0.9648693561474018,-1.0186310611801639,0.8546874356518407,-1.3676518553483283,-0.18654213146601578,0.38520001605539583,1.445892121441167,0.0,-0.35484767212939117,-0.26632730344097194
,,,1.943710970174122,-2.006178157734642,0.9752984002591517,-0.27125274112843323,-0.51879477525493,2.0155296365949438,-1.7517582971846666,1.2327399705330695,2.4402387555056935,-2.5960538897178793,-0.6916145299991455,0.0,-0.35484767212939117,3.7547783763809157
,,,1.5854122029577589,-1.862918403889255,0.9752984002591517,-0.16218750862877565,-0.491465765196937,1.7632280077845783,-1.6829865977527052,1.2327399705330695,1.8370579330284782,-2.5960538897178793,-0.6916145299991455,0.0,-0.35484767212939117,-0.26632730344097194
,,,0.017855097251312943,0.8109646420111551,-1.423603125581221,-1.3143198679147359,0.9648693561474018,-1.0186310611801639,0.8546874356518407,-1.3676518553483283,-0.18654213146601578,0.38520001605539583,1.445892121441167,0.0,-0.35484767212939117,-0.26632730344097194
,,,1.943710970174122,-2.006178157734642,0.9752984002591517,-0.27125274112843323,-0.51879477525493,2.0155296365949438,-1.7517582971846666,1.2327399705330695,2.4402387555056935,-2.5960538897178793,-0.6916145299991455,0.0,-0.35484767212939117,3.7547783763809157
,,,1.651763826823951,-1.9031163055247582,0.9752984002591517,-0.1927906150155575,-0.51369818720335,1.8099505318549554,-1.7029732831266668,1.2327399705330695,1.9448098156758018,-2.5960538897178793,-0.6916145299991455,0.0,-0.35484767212939117,-0.26632730344097194
,,,1.943710970174122,-2.006178157734642,0.9752984002591517,-0.27125274112843323,-0.51879477525493,2.0155296365949438,-1.7517582971846666,1.2327399705330695,2.4402387555056935,-2.5960538897178793,-0.6916145299991455,0.0,-0.35484767212939117,3.7547783763809157
,,,0.017855097251312943,0.8109646420111551,-1.423603125581221,-1.3143198679147359,0.9648693561474018,-1.0186310611801639,0.8546874356518407,-1.3676518553483283,-0.18654213146601578,0.38520001605539583,1.445892121441167,0.0,-0.35484767212939117,-0.26632730344097194
,,,-0.7269418769438818,-0.3924983618797691,0.6975173648587267,0.6942217515304498,-0.8885467412676998,0.0013692466760300054,-0.5820807763279984,0.665382087571092,-0.796990575027006,0.38520001605539583,-0.6916145299991455,0.0,-0.35484767212939117,-0.26632730344097194
,,,0.017855097251312943,0.8109646420111551,-1.423603125581221,-1.3143198679147359,0.9648693561474018,-1.0186310611801639,0.8546874356518407,-1.3676518553483283,-0.18654213146601578,0.38520001605539583,1.445892121441167,0.0,-0.35484767212939117,-0.26632730344097194
,,,-0.11650694051249917,0.6584583613307339,0.6627853133953718,1.357205665598794,0.6351477893205711,0.35851692046776434,0.6459323377804146,0.5993478096808303,-0.3133849094173486,0.38520001605539583,-0.6916145299991455,0.0,-0.35484767212939117,-0.26632730344097194
,,,-1.6425942815909558,0.26020285720254904,0.5903046332561562,1.0098603629360785,-1.711622734369728,-0.5914801585455522,0.13730580211884205,0.46505540784265553,-1.237585221229373,0.38520001605539583,-0.6916145299991455,0.0,2.818110638852835,-0.26632730344097194
,,,0.017855097251312943,0.8109646420111551,-1.423603125581221,-1.3143198679147359,0.9648693561474018,-1.0186310611801639,0.8546874356518407,-1.3676518553483283,-0.18654213146601578,0.38520001605539583,1.445892121441167,0.0,-0.35484767212939117,-0.26632730344097194
,,,0.6564894734451651,0.3407439198796692,0.6937988573775782,1.183420982131953,1.4212047194460735,0.8594321922177927,0.2359075312465535,0.6582601674129257,0.5169717504565597,0.38520001605539583,-0.6916145299991455,0.0,-0.35484767212939117,-0.26632730344097194
,,,0.09250067358169342,0.6414544562925587,0.671871736341152,1.3575325463329528,0.9269865580099539,0.49307483437612104,0.6231367547249754,0.6165180641319175,-0.11289399387663729,0.38520001605539583,-0.6916145299991455,0.0,-0.35484767212939117,-0.26632730344097194
,,,0.009561144325715186,-0.4427680275816886,0.7467795268865676,0.7062441369807304,-0.13184761962990485,0.4942747167019357,-0.6316031609298498,0.7609114444673702,-0.1945850494078517,0.38520001605539583,-0.6916145299991455,0.0,-0.35484767212939117,-0.26632730344097194
,,,1.6020001088089548,-1.6833717650659243,0.9418339397180369,-0.04347563761212087,-0.22296869678123601,1.7359390111433282,-1.5871461762404966,1.160695542547087,1.8638276533530427,-2.5960538897178793,-0.6916145299991455,0.0,-0.35484767212939117,-0.26632730344097194
,,,0.15885229698647615,-1.1146112842380402,0.8063658326205406,0.28625453928765576,-0.5898316282476171,0.6335331083020038,-1.2126897824200153,0.8793921936549204,-0.045522147671097725,0.38520001605539583,-0.6916145299991455,0.0,-0.35484767212939117,-0.26632730344097194
,,,-0.6373671852551436,-0.686647365397215,0.7205405195824617,0.5158658632500898,-0.976283777777679,0.06881751915300861,-0.8599140502989849,0.7097556926539652,-0.7355361986525412,0.38520001605539583,-0.6916145299991455,0.0,-0.35484767212939117,-0.26632730344097194
,,,0.35790716766223357,-1.217500894492651,0.8299209412553153,0.22957736182203897,-0.5279250606024771,0.7826580602627691,-1.2884096413985155,0.9271138556998078,0.16736140095406685,0.38520001605539583,-0.6916145299991455,0.0,-0.35484767212939117,-0.26632730344097194
,,,0.017855097251312943,0.8109646420111551,-1.423603125581221,-1.3143198679147359,0.9648693561474018,-1.0186310611801639,0.8546874356518407,-1.3676518553483283,-0.18654213146601578,0.38520001605539583,1.445892121441167,0.0,-0.35484767212939117,-0.26632730344097194
,,,0.017855097251312943,0.8109646420111551,-1.423603125581221,-1.3143198679147359,0.9648693561474018,-1.0186310611801639,0.8546874356518407,-1.3676518553483283,-0.18654213146601578,0.38520001605539583,1.445892121441167,0.0,-0.35484767212939117,-0.26632730344097194
,,,0.017855097251312943,0.8109646420111551,-1.423603125581221,-1.3143198679147359,0.9648693561474018,-1.0186310611801639,0.8546874356518407,-1.3676518553483283,-0.18654213146601578,0.38520001605539583,1.445892121441167,0.0,-0.35484767212939117,-0.26632730344097194
,,,-0.7269418769438818,-0.3924983618797691,0.6975173648587267,0.6942217515304498,-0.8885467412676998,0.0013692466760300054,-0.5820807763279984,0.665382087571092,-0.796990575027006,0.38520001605539583,-0.6916145299991455,0.0,-0.35484767212939117,-0.26632730344097194
,,,1.943710970174122,-2.006178157734642,0.9661824451928201,-0.275216452417341,-0.51879477525493,2.0039996624434377,-1.7517582971846666,1.2130142631278542,2.4402387555056935,-2.5960538897178793,-0.6916145299991455,0.0,-0.35484767212939117,3.7547783763809157
,,,-0.7037188086599263,-0.6484063769081897,0.7141795184690658,0.5363806010450736,-1.0181300449011985,0.023954593372203275,-0.825423442500327,0.6974479442626076,-0.781372025827917,0.38520001605539583,-0.6916145299991455,0.0,-0.35484767212939117,-0.26632730344097194
,,,1.6102940617345525,-1.597084746771156,0.9200682761462021,0.00900948255757961,-0.09295334463992688,1.716298578038739,-1.5372681030512707,1.1143802345166802,1.877254576052419,-2.5960538897178793,-0.6916145299991455,0.0,-0.35484767212939117,-0.26632730344097194
,,,0.017855097251312943,0.8109646420111551,-1.423603125581221,-1.3143198679147359,0.9648693561474018,-1.0186310611801639,0.8546874356518407,-1.3676518553483283,-0.18654213146601578,0.38520001605539583,1.445892121441167,0.0,-0.35484767212939117,-0.26632730344097194
,,,0.7609932809536702,-1.302757768972274,0.8651499800862594,0.19178618192574048,-0.3081285760348527,1.0816238825633415,-1.3484824475932153,0.9994221932519602,0.6479211784982333,0.38520001605539583,-0.6916145299991455,0.0,-0.35484767212939117,-0.26632730344097194
,,,1.1043629323502664,-1.503787993833226,0.9071362880448132,0.07071724289714769,-0.3028481699530176,1.355071157212022,-1.4805486863420605,1.0870649250405449,1.109528585341357,-2.5960538897178793,-0.6916145299991455,0.0,-0.35484767212939117,-0.26632730344097194
,,,0.017855097251312943,0.8109646420111551,-1.423603125581221,-1.3143198679147359,0.9648693561474018,-1.0186310611801639,0.8546874356518407,-1.3676518553483283,-0.18654213146601578,0.38520001605539583,1.445892121441167,0.0,-0.35484767212939117,-0.26632730344097194
,,,1.7512912619311247,-1.9664895286847703,0.9752984002591517,-0.24103734958456235,-0.5552997748424806,1.880034317473158,-1.7333901614237943,1.2327399705330695,2.1098026414997992,-2.5960538897178793,-0.6916145299991455,0.0,-0.35484767212939117,-0.26632730344097194
,,,0.18871052770319197,-0.9617140706374748,0.7971155287428181,0.38737141182752916,-0.4230630658138781,0.6461430951813054,-1.093656622134499,0.8607885906397703,-0.014619306170096323,0.38520001605539583,-0.6916145299991455,0.0,-0.35484767212939117,-0.26632730344097194
,,,0.017855097251312943,0.8109646420111551,-1.423603125581221,-1.3143198679147359,0.9648693561474018,-1.0186310611801639,0.8546874356518407,-1.3676518553483283,-0.18654213146601578,0.38520001605539583,1.445892121441167,0.0,-0.35484767212939117,-0.26632730344097194
,,,1.485884767850585,-1.7357106958322486,0.9552532125209965,-0.07577931018719405,-0.36793471192448307,1.670484665668187,-1.616192677998197,1.1894638606418428,1.6787951131584273,-2.5960538897178793,-0.6916145299991455,0.0,-0.35484767212939117,-0.26632730344097194
,,,0.017855097251312943,0.8109646420111551,0.2761216184201065,0.9443655614180573,0.9648693561474018,0.17033194244984287,0.8546874356518407,-0.06216908512894951,-0.18654213146601578,0.38520001605539583,-0.6916145299991455,0.0,-0.35484767212939117,-0.26632730344097194
,,,1.170714556216458,-0.7453969378203731,0.7992052292837916,0.5415685298873006,0.7187960973913575,1.2884434140859824,-0.9119532645064004,0.8649844974132154,1.2042691230651348,0.38520001605539583,-0.6916145299991455,0.0,-0.35484767212939117,-0.26632730344097194
,,,1.943710970174122,-2.006178157734642,0.9752984002591517,-0.27125274112843323,-0.51879477525493,2.0155296365949438,-1.7517582971846666,1.2327399705330695,2.4402387555056935,-2.5960538897178793,-0.6916145299991455,0.0,-0.35484767212939117,3.7547783763809157
,,,1.0297173560198856,-1.0598217777556342,0.8476368614476384,0.3553691732002224,0.19505858461550715,1.24470935019589,-1.1709300908259554,0.9633359539008202,1.0050906705421583,0.38520001605539583,-0.6916145299991455,0.0,-0.35484767212939117,-0.26632730344097194
,,,0.017855097251312943,0.8109646420111551,0.27689880309921533,0.9453983261152819,0.9648693561474018,0.1708755856683753,0.8546874356518407,-0.06097497041087882,-0.18654213146601578,0.38520001605539583,-0.6916145299991455,0.0,-0.35484767212939117,-0.26632730344097194
,,,1.5854122029577589,-1.298525658304791,0.8486429428379693,0.18397562554175162,0.32039511117003217,1.6163534366253618,-1.3455575505682065,0.9654015065353682,1.8370579330284782,0.38520001605539583,-0.6916145299991455,0.0,-0.35484767212939117,-0.26632730344097194
,,,0.017855097251312943,0.8109646420111551,-1.423603125581221,-1.3143198679147359,0.9648693561474018,-1.0186310611801639,0.8546874356518407,-1.3676518553483283,-0.18654213146601578,0.38520001605539583,1.445892121441167,0.0,-0.35484767212939117,-0.26632730344097194
,,,1.0545992147966792,-0.2694955558303336,0.7455659352403495,0.8243957049325473,1.2001519972583057,1.1588364766369208,-0.4573581788339935,0.7585316941289061,1.0396509335859867,0.38520001605539583,-0.6916145299991455,0.0,-0.35484767212939117,-0.26632730344097194
,,,0.017855097251312943,0.8109646420111551,-1.423603125581221,-1.3143198679147359,0.9648693561474018,-1.0186310611801639,0.8546874356518407,-1.3676518553483283,-0.18654213146601578,0.38520001605539583,1.445892121441167,0.0,-0.35484767212939117,-0.26632730344097194
,,,0.017855097251312943,0.8109646420111551,-1.423603125581221,-1.3143198679147359,0.9648693561474018,-1.0186310611801639,0.8546874356518407,-1.3676518553483283,-0.18654213146601578,0.38520001605539583,1.445892121441167,0.0,-0.35484767212939117,-0.26632730344097194
,,,-1.7321689732796943,0.8109646420111551,0.39589421681721587,1.1035258159166923,-1.703286985027151,-0.6805555807005613,0.8546874356518407,0.1282971936341484,-1.2623341451312775,0.38520001605539583,-0.6916145299991455,0.0,2.818110638852835,-0.26632730344097194
,,,0.036101793595346564,-0.8722451549128024,0.779226040032445,0.43620951762887955,-0.4790072886534067,0.5340536426057836,-1.020393415272756,0.825029817851897,-0.1687490053305909,0.38520001605539583,-0.6916145299991455,0.0,-0.35484767212939117,-0.26632730344097194
,,,1.5621891346738033,-1.7846385198668169,0.9635958848351703,-0.10850331659969682,-0.3923213360044732,1.7333842084859743,-1.6425212292598748,1.2074309702800814,1.7997687645925369,-2.5960538897178793,-0.6916145299991455,0.0,-0.35484767212939117,-0.26632730344097194
,,,-1.1184164558626362,0.8109646420111551,0.5957712285162118,1.3691331123783068,-0.7675354723286554,-0.279608851974453,0.8546874356518407,0.4750183927320035,-1.0271854936176954,0.38520001605539583,-0.6916145299991455,0.0,-0.35484767212939117,-0.26632730344097194
,,,0.11240616087997404,-0.9168173238799777,0.7881781292467449,0.41203709931972937,-0.44964588627294594,0.589903365121786,-1.057225285167534,0.8428877322372683,-0.09287087990155671,0.38520001605539583,-0.6916145299991455,0.0,-0.35484767212939117,-0.26632730344097194
,,,-0.1546591241548131,-0.7603806270773354,0.7566577752199722,0.495676833907356,-0.5628971924200118,0.39606178589085567,-0.9250415899453055,0.780331362560545,-0.3480604800627106,0.38520001605539583,-0.6916145299991455,0.0,-0.35484767212939117,-0.26632730344097194
,,,-0.9940071615172595,-0.21171169403385068,0.6714640886491592,0.7897539152836208,-1.0884374955594969,-0.1753987417559949,-0.39702721045301964,0.6157461497291629,-0.9608023972020149,0.38520001605539583,-0.6916145299991455,0.0,-0.35484767212939117,-0.26632730344097194
,,,0.017855097251312943,0.8109646420111551,-1.423603125581221,-1.3143198679147359,0.9648693561474018,-1.0186310611801639,0.8546874356518407,-1.3676518553483283,-0.18654213146601578,0.38520001605539583,1.445892121441167,0.0,-0.35484767212939117,-0.26632730344097194
,,,-1.7952030156988017,0.3624785600296596,0.5615986668812398,1.04116755790838,-1.8924662908005294,-0.6864983152237226,0.2628860670537789,0.4131814453161373,-1.2777893795050204,0.38520001605539583,-0.6916145299991455,0.0,2.818110638852835,-0.26632730344097194
